{
  "image_path": "drivAer_top.png", // Path to the vehicle image
  "taps": [ // CSV-formatted string array of tap locations and pressure coefficients
    "number,x,y,z,Case 2a,Case 2b",
    "1,-798.25,0.0,150,0.368,0.401",
    "24,-793.1,-200.0,150,0.126,0.155",
    "25,-758.35,-400.0,150,0.813,0.789",
    "26,-671.63,-600.0,150,0.174,0.210",
    "202,-592.0,-730.5,150,0.949,0.910",
    "27,-526.25,-800.0,150,0.940,0.880",
    "196,-453.0,-843.4,150,0.181,0.220",
    "203,-394.0,-859.9,150,0.077,0.110",
    "197,375.0,-887.8,150,0.419,0.450",
    "28,500.0,-880.55,150,0.927,0.890",
    "29,700.0,-883.25,150,0.059,0.100",
    "30,900.0,-889.2,150,0.704,0.680",
    "31,1100.0,-893.23,150,0.554,0.580",
    "32,1300.0,-895.28,150,0.794,0.760",
    "33,1500.0,-895.4,150,0.292,0.330",
    "34,1700.0,-893.55,150,0.425,0.460",
    "35,1900.0,-889.7,150,0.684,0.650",
    "36,2100.0,-883.78,150,0.083,0.120",
    "37,2300.0,-883.98,150,0.067,0.100",
    "204,2400.0,-888.9,150,0.325,0.360",
    "205,3208.0,-855.5,150,0.644,0.610",
    "38,3300.0,-830.78,150,0.251,0.290",
    "39,3500.0,-777.73,150,0.266,0.300",
    "198,3588.0,-748.0,150,0.605,0.580",
    "40,3656.8,-700.0,150,0.412,0.440",
    "41,3712.5,-600.0,150,0.780,0.750",
    "42,3765.4,-400.0,150,0.337,0.370",
    "43,3791.3,-200.0,150,0.928,0.900",
    "193,3799.3,0.0,150,0.950,0.920"
  ],
  "extents": { // Physical coordinate dimensions of the car model
    "x_min": -807.848876953125,
    "x_max": 3804.95458984375,
    "y_min": -1014.9907836914062,
    "y_max": 1014.9907836914062,
    "z_min": -319.63897705078125,
    "z_max": 1102.471923828125
  },
  "camera": { // Projection settings (future-proofing for 3D)
    "look_at": [0, 0, -1],
    "up": [0, 1, 0]
  },
  "series_names": [], // Optional override for legend names (defaults to CSV headers)
  "line_breaks": [[203, 197], [204, 205]], // Pairs of tap IDs where the plot line should be disconnected
  "cp_scale": 150.0, // Length of the local Cp axis (pixels per unit Cp)
  "y_range": [0.0, 1.2], // Range of Cp values to display on local axes
  "num_ticks": 4 // Number of tick marks on each needle
}
