{
  "image_path": "drivAer_top.png",
  "taps": [
    "number,x,y,z,Case 2a,Case 2b",
    "1,-798.25,0.0,150,0.368,0.401",
    "24,-793.1,-200.0,150,0.126,0.155",
    "25,-758.35,-400.0,150,0.813,0.789",
    "26,-671.63,-600.0,150,0.174,0.21",
    "202,-592.0,-730.5,150,0.949,0.91",
    "27,-526.25,-800.0,150,0.94,0.88",
    "196,-453.0,-843.4,150,0.181,0.22",
    "203,-394.0,-859.9,150,0.077,0.11",
    "197,375.0,-887.8,150,0.419,0.45",
    "28,500.0,-880.55,150,0.927,0.89",
    "29,700.0,-883.25,150,0.059,0.1",
    "30,900.0,-889.2,150,0.704,0.68",
    "31,1100.0,-893.23,150,0.554,0.58",
    "32,1300.0,-895.28,150,0.794,0.76",
    "33,1500.0,-895.4,150,0.292,0.33",
    "34,1700.0,-893.55,150,0.425,0.46",
    "35,1900.0,-889.7,150,0.684,0.65",
    "36,2100.0,-883.78,150,0.083,0.12",
    "37,2300.0,-883.98,150,0.067,0.1",
    "204,2400.0,-888.9,150,0.325,0.36",
    "205,3208.0,-855.5,150,0.644,0.61",
    "38,3300.0,-830.78,150,0.251,0.29",
    "39,3500.0,-777.73,150,0.266,0.3",
    "198,3588.0,-748.0,150,0.605,0.58",
    "40,3656.8,-700.0,150,0.412,0.44",
    "41,3712.5,-600.0,150,0.78,0.75",
    "42,3765.4,-400.0,150,0.337,0.37",
    "43,3791.3,-200.0,150,0.928,0.9",
    "193,3799.3,0.0,150,0.95,0.92"
  ],
  "extents": {
    "x_min": -807.848876953125,
    "x_max": 3804.95458984375,
    "y_min": -910.02,
    "y_max": 910.02,
    "z_min": -319.63897705078125,
    "z_max": 1102.471923828125
  },
  "camera": {
    "look_at": [
      0,
      0,
      -1
    ],
    "up": [
      0,
      1,
      0
    ]
  },
  "series_names": [],
  "series_preferences": [
    {
      "line_color": "red",
      "line_width": 3,
      "line_dash": "solid",
      "show_markers": true,
      "marker_size": 6,
      "marker_symbol": "circle"
    },
    {
      "line_color": "blue",
      "line_width": 2,
      "line_dash": "dash",
      "show_markers": true,
      "marker_size": 4,
      "marker_symbol": "square"
    }
  ],
  "line_breaks": [
    [
      203,
      197
    ],
    [
      204,
      205
    ]
  ],
  "normals_flip": false,
  "cp_scale": 150.0,
  "y_range": [
    0.0,
    1.2
  ],
  "num_ticks": 4,
  "relax_normals": false,
  "relax_iterations": 50,
  "relax_factor": 0.2,
  "relax_uncross": true,
  "relax_fix_endpoints": true,
  "normals": [
    [
      -0.9996686335284084,
      -0.025741467313356404,
      0.0
    ],
    [
      -0.9950617899685877,
      -0.09925741354936657,
      0.0
    ],
    [
      -0.9568530261481168,
      -0.29057234271552945,
      0.0
    ],
    [
      -0.8932348508551528,
      -0.4495903704682441,
      0.0
    ],
    [
      -0.8088794724071545,
      -0.5879744884927606,
      0.0
    ],
    [
      -0.6304664774821543,
      -0.7762164780338305,
      0.0
    ],
    [
      -0.41258304369312593,
      -0.9109199921271439,
      0.0
    ],
    [
      -0.053546258970665665,
      -0.9985653699934953,
      0.0
    ],
    [
      -0.023092274526960912,
      -0.9997333378742411,
      0.0
    ],
    [
      0.013998628201650924,
      -0.9999020144036473,
      0.0
    ],
    [
      -0.0216199454084726,
      -0.9997662616634624,
      0.0
    ],
    [
      -0.024942237905067235,
      -0.999688893990669,
      0.0
    ],
    [
      -0.015198244400204295,
      -0.9998845000134524,
      0.0
    ],
    [
      -0.00542492017119164,
      -0.9999852850123027,
      0.0
    ],
    [
      0.004324959549653468,
      -0.9999906473187106,
      0.0
    ],
    [
      0.014248553399996262,
      -0.999898484210276,
      0.0
    ],
    [
      0.02441771751739621,
      -0.9997018430868478,
      0.0
    ],
    [
      0.01429853812070102,
      -0.9998977706783883,
      0.0
    ],
    [
      -0.017064181696022147,
      -0.9998543962512968,
      0.0
    ],
    [
      0.03135022133199207,
      -0.9995084610059263,
      0.0
    ],
    [
      0.06444354346859704,
      -0.9979213544689838,
      0.0
    ],
    [
      0.2573639776882998,
      -0.9663145362605576,
      0.0
    ],
    [
      0.2762457776395955,
      -0.9610870253709053,
      0.0
    ],
    [
      0.44414827617844316,
      -0.8959532960861952,
      0.0
    ],
    [
      0.7652463025242302,
      -0.6437375990828827,
      0.0
    ],
    [
      0.9402866061781492,
      -0.34038375143648975,
      0.0
    ],
    [
      0.98114263512416,
      -0.19328509911945996,
      0.0
    ],
    [
      0.9964279496300023,
      -0.08444726873114292,
      0.0
    ],
    [
      0.9992009587217894,
      -0.039968038348871575,
      0.0
    ]
  ],
  "series_colors": [
    "red",
    "blue",
    "green",
    "purple"
  ]
}